-- phpMyAdmin SQL Dump
-- version 5.2.1
-- https://www.phpmyadmin.net/
--
-- Host: localhost
-- Generation Time: May 23, 2025 at 05:22 PM
-- Server version: 10.4.28-MariaDB
-- PHP Version: 8.2.4

SET SQL_MODE = "NO_AUTO_VALUE_ON_ZERO";
START TRANSACTION;
SET time_zone = "+00:00";


/*!40101 SET @OLD_CHARACTER_SET_CLIENT=@@CHARACTER_SET_CLIENT */;
/*!40101 SET @OLD_CHARACTER_SET_RESULTS=@@CHARACTER_SET_RESULTS */;
/*!40101 SET @OLD_COLLATION_CONNECTION=@@COLLATION_CONNECTION */;
/*!40101 SET NAMES utf8mb4 */;

--
-- Database: `yolo`
--

-- --------------------------------------------------------

--
-- Table structure for table `Appointment`
--

CREATE TABLE `Appointment` (
  `appointmentID` int(11) NOT NULL,
  `appointmentStatus` varchar(50) NOT NULL,
  `appointmentDate` date NOT NULL,
  `appointmentStartTime` time NOT NULL,
  `appointmentEndTime` time NOT NULL,
  `appointmentFee` int(30) NOT NULL,
  `doctorID` int(11) NOT NULL,
  `roomID` int(11) NOT NULL,
  `paymentID` int(11) DEFAULT NULL,
  `treatmentID` int(11) DEFAULT NULL
) ENGINE=InnoDB DEFAULT CHARSET=utf8mb4 COLLATE=utf8mb4_general_ci;

--
-- Dumping data for table `Appointment`
--

INSERT INTO `Appointment` (`appointmentID`, `appointmentStatus`, `appointmentDate`, `appointmentStartTime`, `appointmentEndTime`, `appointmentFee`, `doctorID`, `roomID`, `paymentID`, `treatmentID`) VALUES
(1, 'Booked', '2025-04-20', '10:00:00', '10:30:00', 1500, 1, 1, 1, 1),
(2, 'Pending', '2025-04-22', '11:00:00', '11:30:00', 2000, 2, 2, 2, 2),
(3, 'Completed', '2025-04-18', '09:00:00', '09:45:00', 2500, 3, 3, 3, 3),
(4, 'Confirmed', '2025-04-23', '10:00:00', '10:45:00', 1800, 4, 4, 4, 4),
(5, 'Pending', '2025-04-24', '12:00:00', '12:30:00', 2200, 5, 5, 5, 5),
(6, 'Confirmed', '2025-04-25', '14:00:00', '14:30:00', 1600, 6, 6, 6, 6),
(7, 'Completed', '2025-04-19', '15:00:00', '15:45:00', 3000, 7, 7, 7, 7),
(8, 'Pending', '2025-04-26', '16:00:00', '16:30:00', 2100, 8, 8, 8, 8),
(9, 'Completed', '2025-05-05', '11:00:00', '11:30:00', 1500, 7, 5, 12, 11),
(10, 'Completed', '2025-05-05', '12:00:00', '12:30:00', 1800, 7, 5, 16, 10),
(11, 'Available', '2025-05-17', '14:00:00', '14:30:00', 200, 7, 2, NULL, NULL),
(13, 'Available', '2025-05-20', '10:00:00', '11:00:00', 2000, 1, 1, NULL, NULL),
(14, 'Completed', '2025-05-20', '11:00:00', '12:00:00', 2000, 1, 2, 15, 12),
(15, 'Available', '2025-05-20', '12:00:00', '13:00:00', 2000, 1, 3, NULL, NULL),
(16, 'Available', '2025-05-20', '13:00:00', '14:00:00', 2000, 1, 4, NULL, NULL),
(17, 'Available', '2025-05-20', '14:00:00', '15:00:00', 2000, 1, 5, NULL, NULL),
(18, 'Available', '2025-05-20', '15:00:00', '16:00:00', 2000, 1, 6, NULL, NULL),
(19, 'Available', '2025-05-20', '16:00:00', '17:00:00', 2000, 1, 7, NULL, NULL),
(20, 'Available', '2025-05-20', '17:00:00', '18:00:00', 2000, 1, 8, NULL, NULL),
(21, 'Available', '2025-05-21', '10:00:00', '11:00:00', 2000, 1, 1, NULL, NULL),
(22, 'Available', '2025-05-21', '11:00:00', '12:00:00', 2000, 1, 2, NULL, NULL),
(23, 'Available', '2025-05-21', '12:00:00', '13:00:00', 2000, 1, 3, NULL, NULL),
(24, 'Available', '2025-05-21', '13:00:00', '14:00:00', 2000, 1, 4, NULL, NULL),
(25, 'Available', '2025-05-21', '14:00:00', '15:00:00', 2000, 1, 5, NULL, NULL),
(26, 'Available', '2025-05-21', '15:00:00', '16:00:00', 2000, 1, 6, NULL, NULL),
(27, 'Available', '2025-05-21', '16:00:00', '17:00:00', 2000, 1, 7, NULL, NULL),
(28, 'Available', '2025-05-21', '17:00:00', '18:00:00', 2000, 1, 8, NULL, NULL),
(29, 'Available', '2025-05-22', '10:00:00', '11:00:00', 2000, 1, 1, NULL, NULL),
(30, 'Available', '2025-05-22', '11:00:00', '12:00:00', 2000, 1, 2, NULL, NULL),
(31, 'Available', '2025-05-22', '12:00:00', '13:00:00', 2000, 1, 3, NULL, NULL),
(32, 'Available', '2025-05-22', '13:00:00', '14:00:00', 2000, 1, 4, NULL, NULL),
(33, 'Available', '2025-05-22', '14:00:00', '15:00:00', 2000, 1, 5, NULL, NULL),
(34, 'Available', '2025-05-22', '15:00:00', '16:00:00', 2000, 1, 6, NULL, NULL),
(35, 'Available', '2025-05-22', '16:00:00', '17:00:00', 2000, 1, 7, NULL, NULL),
(36, 'Available', '2025-05-22', '17:00:00', '18:00:00', 2000, 1, 8, NULL, NULL),
(37, 'Available', '2025-05-23', '10:00:00', '11:00:00', 2000, 1, 1, NULL, NULL),
(38, 'Available', '2025-05-23', '11:00:00', '12:00:00', 2000, 1, 2, NULL, NULL),
(39, 'Available', '2025-05-23', '12:00:00', '13:00:00', 2000, 1, 3, NULL, NULL),
(40, 'Available', '2025-05-23', '13:00:00', '14:00:00', 2000, 1, 4, NULL, NULL),
(41, 'Available', '2025-05-23', '14:00:00', '15:00:00', 2000, 1, 5, NULL, NULL),
(42, 'Available', '2025-05-23', '15:00:00', '16:00:00', 2000, 1, 6, NULL, NULL),
(43, 'Available', '2025-05-23', '16:00:00', '17:00:00', 2000, 1, 7, NULL, NULL),
(44, 'Available', '2025-05-23', '17:00:00', '18:00:00', 2000, 1, 8, NULL, NULL),
(45, 'Available', '2025-05-24', '10:00:00', '11:00:00', 2000, 1, 1, NULL, NULL),
(46, 'Available', '2025-05-24', '11:00:00', '12:00:00', 2000, 1, 2, NULL, NULL),
(47, 'Available', '2025-05-24', '12:00:00', '13:00:00', 2000, 1, 3, NULL, NULL),
(48, 'Available', '2025-05-24', '13:00:00', '14:00:00', 2000, 1, 4, NULL, NULL),
(49, 'Available', '2025-05-24', '14:00:00', '15:00:00', 2000, 1, 5, NULL, NULL),
(50, 'Available', '2025-05-24', '15:00:00', '16:00:00', 2000, 1, 6, NULL, NULL),
(51, 'Available', '2025-05-24', '16:00:00', '17:00:00', 2000, 1, 7, NULL, NULL),
(52, 'Available', '2025-05-24', '17:00:00', '18:00:00', 2000, 1, 8, NULL, NULL),
(53, 'Available', '2025-05-25', '10:00:00', '11:00:00', 2000, 1, 1, NULL, NULL),
(54, 'Available', '2025-05-25', '11:00:00', '12:00:00', 2000, 1, 2, NULL, NULL),
(55, 'Available', '2025-05-25', '12:00:00', '13:00:00', 2000, 1, 3, NULL, NULL),
(56, 'Available', '2025-05-25', '13:00:00', '14:00:00', 2000, 1, 4, NULL, NULL),
(57, 'Available', '2025-05-25', '14:00:00', '15:00:00', 2000, 1, 5, NULL, NULL),
(58, 'Available', '2025-05-25', '15:00:00', '16:00:00', 2000, 1, 6, NULL, NULL),
(59, 'Available', '2025-05-25', '16:00:00', '17:00:00', 2000, 1, 7, NULL, NULL),
(60, 'Available', '2025-05-25', '17:00:00', '18:00:00', 2000, 1, 8, NULL, NULL),
(61, 'Available', '2025-05-26', '10:00:00', '11:00:00', 2000, 1, 1, NULL, NULL),
(62, 'Available', '2025-05-26', '11:00:00', '12:00:00', 2000, 1, 2, NULL, NULL),
(63, 'Available', '2025-05-26', '12:00:00', '13:00:00', 2000, 1, 3, NULL, NULL),
(64, 'Available', '2025-05-26', '13:00:00', '14:00:00', 2000, 1, 4, NULL, NULL),
(65, 'Available', '2025-05-26', '14:00:00', '15:00:00', 2000, 1, 5, NULL, NULL),
(66, 'Available', '2025-05-26', '15:00:00', '16:00:00', 2000, 1, 6, NULL, NULL),
(67, 'Available', '2025-05-26', '16:00:00', '17:00:00', 2000, 1, 7, NULL, NULL),
(68, 'Available', '2025-05-26', '17:00:00', '18:00:00', 2000, 1, 8, NULL, NULL),
(69, 'Available', '2025-05-27', '10:00:00', '11:00:00', 2000, 1, 1, NULL, NULL),
(70, 'Available', '2025-05-27', '11:00:00', '12:00:00', 2000, 1, 2, NULL, NULL),
(71, 'Available', '2025-05-27', '12:00:00', '13:00:00', 2000, 1, 3, NULL, NULL),
(72, 'Available', '2025-05-27', '13:00:00', '14:00:00', 2000, 1, 4, NULL, NULL),
(73, 'Available', '2025-05-27', '14:00:00', '15:00:00', 2000, 1, 5, NULL, NULL),
(74, 'Available', '2025-05-27', '15:00:00', '16:00:00', 2000, 1, 6, NULL, NULL),
(75, 'Available', '2025-05-27', '16:00:00', '17:00:00', 2000, 1, 7, NULL, NULL),
(76, 'Available', '2025-05-27', '17:00:00', '18:00:00', 2000, 1, 8, NULL, NULL),
(77, 'Available', '2025-05-28', '10:00:00', '11:00:00', 2000, 1, 1, NULL, NULL),
(78, 'Available', '2025-05-28', '11:00:00', '12:00:00', 2000, 1, 2, NULL, NULL),
(79, 'Available', '2025-05-28', '12:00:00', '13:00:00', 2000, 1, 3, NULL, NULL),
(80, 'Available', '2025-05-28', '13:00:00', '14:00:00', 2000, 1, 4, NULL, NULL),
(81, 'Available', '2025-05-28', '14:00:00', '15:00:00', 2000, 1, 5, NULL, NULL),
(82, 'Available', '2025-05-28', '15:00:00', '16:00:00', 2000, 1, 6, NULL, NULL),
(83, 'Available', '2025-05-28', '16:00:00', '17:00:00', 2000, 1, 7, NULL, NULL),
(84, 'Available', '2025-05-28', '17:00:00', '18:00:00', 2000, 1, 8, NULL, NULL),
(85, 'Available', '2025-05-20', '10:00:00', '11:00:00', 2000, 1, 1, NULL, NULL),
(86, 'Available', '2025-05-20', '11:00:00', '12:00:00', 2000, 1, 2, NULL, NULL),
(87, 'Available', '2025-05-20', '12:00:00', '13:00:00', 2000, 1, 3, NULL, NULL),
(88, 'Available', '2025-05-20', '13:00:00', '14:00:00', 2000, 1, 4, NULL, NULL),
(89, 'Pending', '2025-05-20', '14:00:00', '15:00:00', 2000, 1, 5, NULL, NULL),
(90, 'Available', '2025-05-20', '15:00:00', '16:00:00', 2000, 1, 6, NULL, NULL),
(91, 'Available', '2025-05-20', '16:00:00', '17:00:00', 2000, 1, 7, NULL, NULL),
(92, 'Available', '2025-05-20', '17:00:00', '18:00:00', 2000, 1, 8, NULL, NULL),
(93, 'Available', '2025-05-21', '10:00:00', '11:00:00', 2000, 1, 1, NULL, NULL),
(94, 'Available', '2025-05-21', '11:00:00', '12:00:00', 2000, 1, 2, NULL, NULL),
(95, 'Available', '2025-05-21', '12:00:00', '13:00:00', 2000, 1, 3, NULL, NULL),
(96, 'Available', '2025-05-21', '13:00:00', '14:00:00', 2000, 1, 4, NULL, NULL),
(97, 'Available', '2025-05-21', '14:00:00', '15:00:00', 2000, 1, 5, NULL, NULL),
(98, 'Available', '2025-05-21', '15:00:00', '16:00:00', 2000, 1, 6, NULL, NULL),
(99, 'Available', '2025-05-21', '16:00:00', '17:00:00', 2000, 1, 7, NULL, NULL),
(100, 'Available', '2025-05-21', '17:00:00', '18:00:00', 2000, 1, 8, NULL, NULL),
(101, 'Available', '2025-05-22', '10:00:00', '11:00:00', 2000, 1, 1, NULL, NULL),
(102, 'Available', '2025-05-22', '11:00:00', '12:00:00', 2000, 1, 2, NULL, NULL),
(103, 'Available', '2025-05-22', '12:00:00', '13:00:00', 2000, 1, 3, NULL, NULL),
(104, 'Available', '2025-05-22', '13:00:00', '14:00:00', 2000, 1, 4, NULL, NULL),
(105, 'Available', '2025-05-22', '14:00:00', '15:00:00', 2000, 1, 5, NULL, NULL),
(106, 'Available', '2025-05-22', '15:00:00', '16:00:00', 2000, 1, 6, NULL, NULL),
(107, 'Available', '2025-05-22', '16:00:00', '17:00:00', 2000, 1, 7, NULL, NULL),
(108, 'Available', '2025-05-22', '17:00:00', '18:00:00', 2000, 1, 8, NULL, NULL),
(109, 'Available', '2025-05-23', '10:00:00', '11:00:00', 2000, 1, 1, NULL, NULL),
(110, 'Available', '2025-05-23', '11:00:00', '12:00:00', 2000, 1, 2, NULL, NULL),
(111, 'Available', '2025-05-23', '12:00:00', '13:00:00', 2000, 1, 3, NULL, NULL),
(112, 'Available', '2025-05-23', '13:00:00', '14:00:00', 2000, 1, 4, NULL, NULL),
(113, 'Available', '2025-05-23', '14:00:00', '15:00:00', 2000, 1, 5, NULL, NULL),
(114, 'Available', '2025-05-23', '15:00:00', '16:00:00', 2000, 1, 6, NULL, NULL),
(115, 'Available', '2025-05-23', '16:00:00', '17:00:00', 2000, 1, 7, NULL, NULL),
(116, 'Available', '2025-05-23', '17:00:00', '18:00:00', 2000, 1, 8, NULL, NULL),
(117, 'Available', '2025-05-24', '10:00:00', '11:00:00', 2000, 1, 1, NULL, NULL),
(118, 'Available', '2025-05-24', '11:00:00', '12:00:00', 2000, 1, 2, NULL, NULL),
(119, 'Available', '2025-05-24', '12:00:00', '13:00:00', 2000, 1, 3, NULL, NULL),
(120, 'Available', '2025-05-24', '13:00:00', '14:00:00', 2000, 1, 4, NULL, NULL),
(121, 'Available', '2025-05-24', '14:00:00', '15:00:00', 2000, 1, 5, NULL, NULL),
(122, 'Available', '2025-05-24', '15:00:00', '16:00:00', 2000, 1, 6, NULL, NULL),
(123, 'Available', '2025-05-24', '16:00:00', '17:00:00', 2000, 1, 7, NULL, NULL),
(124, 'Available', '2025-05-24', '17:00:00', '18:00:00', 2000, 1, 8, NULL, NULL),
(125, 'Available', '2025-05-25', '10:00:00', '11:00:00', 2000, 1, 1, NULL, NULL),
(126, 'Available', '2025-05-25', '11:00:00', '12:00:00', 2000, 1, 2, NULL, NULL),
(127, 'Available', '2025-05-25', '12:00:00', '13:00:00', 2000, 1, 3, NULL, NULL),
(128, 'Available', '2025-05-25', '13:00:00', '14:00:00', 2000, 1, 4, NULL, NULL),
(129, 'Available', '2025-05-25', '14:00:00', '15:00:00', 2000, 1, 5, NULL, NULL),
(130, 'Available', '2025-05-25', '15:00:00', '16:00:00', 2000, 1, 6, NULL, NULL),
(131, 'Available', '2025-05-25', '16:00:00', '17:00:00', 2000, 1, 7, NULL, NULL),
(132, 'Available', '2025-05-25', '17:00:00', '18:00:00', 2000, 1, 8, NULL, NULL),
(133, 'Available', '2025-05-26', '10:00:00', '11:00:00', 2000, 1, 1, NULL, NULL),
(134, 'Available', '2025-05-26', '11:00:00', '12:00:00', 2000, 1, 2, NULL, NULL),
(135, 'Available', '2025-05-26', '12:00:00', '13:00:00', 2000, 1, 3, NULL, NULL),
(136, 'Available', '2025-05-26', '13:00:00', '14:00:00', 2000, 1, 4, NULL, NULL),
(137, 'Available', '2025-05-26', '14:00:00', '15:00:00', 2000, 1, 5, NULL, NULL),
(138, 'Available', '2025-05-26', '15:00:00', '16:00:00', 2000, 1, 6, NULL, NULL),
(139, 'Available', '2025-05-26', '16:00:00', '17:00:00', 2000, 1, 7, NULL, NULL),
(140, 'Available', '2025-05-26', '17:00:00', '18:00:00', 2000, 1, 8, NULL, NULL),
(141, 'Available', '2025-05-27', '10:00:00', '11:00:00', 2000, 1, 1, NULL, NULL),
(142, 'Available', '2025-05-27', '11:00:00', '12:00:00', 2000, 1, 2, NULL, NULL),
(143, 'Available', '2025-05-27', '12:00:00', '13:00:00', 2000, 1, 3, NULL, NULL),
(144, 'Available', '2025-05-27', '13:00:00', '14:00:00', 2000, 1, 4, NULL, NULL),
(145, 'Available', '2025-05-27', '14:00:00', '15:00:00', 2000, 1, 5, NULL, NULL),
(146, 'Available', '2025-05-27', '15:00:00', '16:00:00', 2000, 1, 6, NULL, NULL),
(147, 'Available', '2025-05-27', '16:00:00', '17:00:00', 2000, 1, 7, NULL, NULL),
(148, 'Available', '2025-05-27', '17:00:00', '18:00:00', 2000, 1, 8, NULL, NULL),
(149, 'Available', '2025-05-28', '10:00:00', '11:00:00', 2000, 1, 1, NULL, NULL),
(150, 'Available', '2025-05-28', '11:00:00', '12:00:00', 2000, 1, 2, NULL, NULL),
(151, 'Available', '2025-05-28', '12:00:00', '13:00:00', 2000, 1, 3, NULL, NULL),
(152, 'Available', '2025-05-28', '13:00:00', '14:00:00', 2000, 1, 4, NULL, NULL),
(153, 'Available', '2025-05-28', '14:00:00', '15:00:00', 2000, 1, 5, NULL, NULL),
(154, 'Available', '2025-05-28', '15:00:00', '16:00:00', 2000, 1, 6, NULL, NULL),
(155, 'Available', '2025-05-28', '16:00:00', '17:00:00', 2000, 1, 7, NULL, NULL),
(156, 'Available', '2025-05-28', '17:00:00', '18:00:00', 2000, 1, 8, NULL, NULL),
(157, 'Pending', '2025-05-20', '10:00:00', '11:00:00', 2000, 2, 1, NULL, NULL),
(158, 'Pending', '2025-05-20', '11:00:00', '12:00:00', 2000, 2, 2, NULL, NULL),
(159, 'Completed', '2025-05-20', '12:00:00', '13:00:00', 2000, 2, 3, 9, 13),
(160, 'Available', '2025-05-20', '13:00:00', '14:00:00', 2000, 2, 4, NULL, NULL),
(161, 'Available', '2025-05-20', '14:00:00', '15:00:00', 2000, 2, 5, NULL, NULL),
(162, 'Booked', '2025-05-20', '15:00:00', '16:00:00', 2000, 2, 6, 10, NULL),
(163, 'Booked', '2025-05-20', '16:00:00', '17:00:00', 2000, 2, 7, 11, NULL),
(164, 'Available', '2025-05-20', '17:00:00', '18:00:00', 2000, 2, 8, NULL, NULL),
(165, 'Available', '2025-05-21', '10:00:00', '11:00:00', 2000, 2, 1, NULL, NULL),
(166, 'Available', '2025-05-21', '11:00:00', '12:00:00', 2000, 2, 2, NULL, NULL),
(167, 'Available', '2025-05-21', '12:00:00', '13:00:00', 2000, 2, 3, NULL, NULL),
(168, 'Available', '2025-05-21', '13:00:00', '14:00:00', 2000, 2, 4, NULL, NULL),
(169, 'Available', '2025-05-21', '14:00:00', '15:00:00', 2000, 2, 5, NULL, NULL),
(170, 'Available', '2025-05-21', '15:00:00', '16:00:00', 2000, 2, 6, NULL, NULL),
(171, 'Available', '2025-05-21', '16:00:00', '17:00:00', 2000, 2, 7, NULL, NULL),
(172, 'Available', '2025-05-21', '17:00:00', '18:00:00', 2000, 2, 8, NULL, NULL),
(173, 'Booked', '2025-05-22', '10:00:00', '11:00:00', 2000, 2, 1, NULL, NULL),
(174, 'Available', '2025-05-22', '11:00:00', '12:00:00', 2000, 2, 2, NULL, NULL),
(175, 'Available', '2025-05-22', '12:00:00', '13:00:00', 2000, 2, 3, NULL, NULL),
(176, 'Available', '2025-05-22', '13:00:00', '14:00:00', 2000, 2, 4, NULL, NULL),
(177, 'Available', '2025-05-22', '14:00:00', '15:00:00', 2000, 2, 5, NULL, NULL),
(178, 'Available', '2025-05-22', '15:00:00', '16:00:00', 2000, 2, 6, NULL, NULL),
(179, 'Available', '2025-05-22', '16:00:00', '17:00:00', 2000, 2, 7, NULL, NULL),
(180, 'Available', '2025-05-22', '17:00:00', '18:00:00', 2000, 2, 8, NULL, NULL),
(181, 'Available', '2025-05-23', '10:00:00', '11:00:00', 2000, 2, 1, NULL, NULL),
(182, 'Available', '2025-05-23', '11:00:00', '12:00:00', 2000, 2, 2, NULL, NULL),
(183, 'Available', '2025-05-23', '12:00:00', '13:00:00', 2000, 2, 3, NULL, NULL),
(184, 'Available', '2025-05-23', '13:00:00', '14:00:00', 2000, 2, 4, NULL, NULL),
(185, 'Available', '2025-05-23', '14:00:00', '15:00:00', 2000, 2, 5, NULL, NULL),
(186, 'Available', '2025-05-23', '15:00:00', '16:00:00', 2000, 2, 6, NULL, NULL),
(187, 'Available', '2025-05-23', '16:00:00', '17:00:00', 2000, 2, 7, NULL, NULL),
(188, 'Available', '2025-05-23', '17:00:00', '18:00:00', 2000, 2, 8, NULL, NULL),
(189, 'Available', '2025-05-24', '10:00:00', '11:00:00', 2000, 2, 1, NULL, NULL),
(190, 'Available', '2025-05-24', '11:00:00', '12:00:00', 2000, 2, 2, NULL, NULL),
(191, 'Available', '2025-05-24', '12:00:00', '13:00:00', 2000, 2, 3, NULL, NULL),
(192, 'Available', '2025-05-24', '13:00:00', '14:00:00', 2000, 2, 4, NULL, NULL),
(193, 'Available', '2025-05-24', '14:00:00', '15:00:00', 2000, 2, 5, NULL, NULL),
(194, 'Available', '2025-05-24', '15:00:00', '16:00:00', 2000, 2, 6, NULL, NULL),
(195, 'Available', '2025-05-24', '16:00:00', '17:00:00', 2000, 2, 7, NULL, NULL),
(196, 'Available', '2025-05-24', '17:00:00', '18:00:00', 2000, 2, 8, NULL, NULL),
(197, 'Available', '2025-05-25', '10:00:00', '11:00:00', 2000, 2, 1, NULL, NULL),
(198, 'Available', '2025-05-25', '11:00:00', '12:00:00', 2000, 2, 2, NULL, NULL),
(199, 'Available', '2025-05-25', '12:00:00', '13:00:00', 2000, 2, 3, NULL, NULL),
(200, 'Available', '2025-05-25', '13:00:00', '14:00:00', 2000, 2, 4, NULL, NULL),
(201, 'Available', '2025-05-25', '14:00:00', '15:00:00', 2000, 2, 5, NULL, NULL),
(202, 'Available', '2025-05-25', '15:00:00', '16:00:00', 2000, 2, 6, NULL, NULL),
(203, 'Available', '2025-05-25', '16:00:00', '17:00:00', 2000, 2, 7, NULL, NULL),
(204, 'Available', '2025-05-25', '17:00:00', '18:00:00', 2000, 2, 8, NULL, NULL),
(205, 'Available', '2025-05-26', '10:00:00', '11:00:00', 2000, 2, 1, NULL, NULL),
(206, 'Available', '2025-05-26', '11:00:00', '12:00:00', 2000, 2, 2, NULL, NULL),
(207, 'Available', '2025-05-26', '12:00:00', '13:00:00', 2000, 2, 3, NULL, NULL),
(208, 'Available', '2025-05-26', '13:00:00', '14:00:00', 2000, 2, 4, NULL, NULL),
(209, 'Available', '2025-05-26', '14:00:00', '15:00:00', 2000, 2, 5, NULL, NULL),
(210, 'Available', '2025-05-26', '15:00:00', '16:00:00', 2000, 2, 6, NULL, NULL),
(211, 'Available', '2025-05-26', '16:00:00', '17:00:00', 2000, 2, 7, NULL, NULL),
(212, 'Available', '2025-05-26', '17:00:00', '18:00:00', 2000, 2, 8, NULL, NULL),
(213, 'Available', '2025-05-27', '10:00:00', '11:00:00', 2000, 2, 1, NULL, NULL),
(214, 'Available', '2025-05-27', '11:00:00', '12:00:00', 2000, 2, 2, NULL, NULL),
(215, 'Available', '2025-05-27', '12:00:00', '13:00:00', 2000, 2, 3, NULL, NULL),
(216, 'Available', '2025-05-27', '13:00:00', '14:00:00', 2000, 2, 4, NULL, NULL),
(217, 'Available', '2025-05-27', '14:00:00', '15:00:00', 2000, 2, 5, NULL, NULL),
(218, 'Available', '2025-05-27', '15:00:00', '16:00:00', 2000, 2, 6, NULL, NULL),
(219, 'Available', '2025-05-27', '16:00:00', '17:00:00', 2000, 2, 7, NULL, NULL),
(220, 'Available', '2025-05-27', '17:00:00', '18:00:00', 2000, 2, 8, NULL, NULL),
(221, 'Available', '2025-05-28', '10:00:00', '11:00:00', 2000, 2, 1, NULL, NULL),
(222, 'Available', '2025-05-28', '11:00:00', '12:00:00', 2000, 2, 2, NULL, NULL),
(223, 'Available', '2025-05-28', '12:00:00', '13:00:00', 2000, 2, 3, NULL, NULL),
(224, 'Available', '2025-05-28', '13:00:00', '14:00:00', 2000, 2, 4, NULL, NULL),
(225, 'Available', '2025-05-28', '14:00:00', '15:00:00', 2000, 2, 5, NULL, NULL),
(226, 'Available', '2025-05-28', '15:00:00', '16:00:00', 2000, 2, 6, NULL, NULL),
(227, 'Available', '2025-05-28', '16:00:00', '17:00:00', 2000, 2, 7, NULL, NULL),
(228, 'Available', '2025-05-28', '17:00:00', '18:00:00', 2000, 2, 8, NULL, NULL),
(229, 'Pending', '2025-05-20', '10:00:00', '11:00:00', 2000, 3, 1, NULL, NULL),
(230, 'Available', '2025-05-20', '11:00:00', '12:00:00', 2000, 3, 2, NULL, NULL),
(231, 'Pending', '2025-05-20', '12:00:00', '13:00:00', 2000, 3, 3, NULL, NULL),
(232, 'Available', '2025-05-20', '13:00:00', '14:00:00', 2000, 3, 4, NULL, NULL),
(233, 'Available', '2025-05-20', '14:00:00', '15:00:00', 2000, 3, 5, NULL, NULL),
(234, 'Booked', '2025-05-20', '15:00:00', '16:00:00', 2000, 3, 6, 14, NULL),
(235, 'Available', '2025-05-20', '16:00:00', '17:00:00', 2000, 3, 7, NULL, NULL),
(236, 'Available', '2025-05-20', '17:00:00', '18:00:00', 2000, 3, 8, NULL, NULL),
(237, 'Available', '2025-05-21', '10:00:00', '11:00:00', 2000, 3, 1, NULL, NULL),
(238, 'Available', '2025-05-21', '11:00:00', '12:00:00', 2000, 3, 2, NULL, NULL),
(239, 'Available', '2025-05-21', '12:00:00', '13:00:00', 2000, 3, 3, NULL, NULL),
(240, 'Available', '2025-05-21', '13:00:00', '14:00:00', 2000, 3, 4, NULL, NULL),
(241, 'Available', '2025-05-21', '14:00:00', '15:00:00', 2000, 3, 5, NULL, NULL),
(242, 'Available', '2025-05-21', '15:00:00', '16:00:00', 2000, 3, 6, NULL, NULL),
(243, 'Available', '2025-05-21', '16:00:00', '17:00:00', 2000, 3, 7, NULL, NULL),
(244, 'Available', '2025-05-21', '17:00:00', '18:00:00', 2000, 3, 8, NULL, NULL),
(245, 'Available', '2025-05-22', '10:00:00', '11:00:00', 2000, 3, 1, NULL, NULL),
(246, 'Available', '2025-05-22', '11:00:00', '12:00:00', 2000, 3, 2, NULL, NULL),
(247, 'Available', '2025-05-22', '12:00:00', '13:00:00', 2000, 3, 3, NULL, NULL),
(248, 'Available', '2025-05-22', '13:00:00', '14:00:00', 2000, 3, 4, NULL, NULL),
(249, 'Available', '2025-05-22', '14:00:00', '15:00:00', 2000, 3, 5, NULL, NULL),
(250, 'Available', '2025-05-22', '15:00:00', '16:00:00', 2000, 3, 6, NULL, NULL),
(251, 'Available', '2025-05-22', '16:00:00', '17:00:00', 2000, 3, 7, NULL, NULL),
(252, 'Available', '2025-05-22', '17:00:00', '18:00:00', 2000, 3, 8, NULL, NULL),
(253, 'Available', '2025-05-23', '10:00:00', '11:00:00', 2000, 3, 1, NULL, NULL),
(254, 'Available', '2025-05-23', '11:00:00', '12:00:00', 2000, 3, 2, NULL, NULL),
(255, 'Available', '2025-05-23', '12:00:00', '13:00:00', 2000, 3, 3, NULL, NULL),
(256, 'Available', '2025-05-23', '13:00:00', '14:00:00', 2000, 3, 4, NULL, NULL),
(257, 'Available', '2025-05-23', '14:00:00', '15:00:00', 2000, 3, 5, NULL, NULL),
(258, 'Available', '2025-05-23', '15:00:00', '16:00:00', 2000, 3, 6, NULL, NULL),
(259, 'Available', '2025-05-23', '16:00:00', '17:00:00', 2000, 3, 7, NULL, NULL),
(260, 'Available', '2025-05-23', '17:00:00', '18:00:00', 2000, 3, 8, NULL, NULL),
(261, 'Available', '2025-05-24', '10:00:00', '11:00:00', 2000, 3, 1, NULL, NULL),
(262, 'Available', '2025-05-24', '11:00:00', '12:00:00', 2000, 3, 2, NULL, NULL),
(263, 'Available', '2025-05-24', '12:00:00', '13:00:00', 2000, 3, 3, NULL, NULL),
(264, 'Available', '2025-05-24', '13:00:00', '14:00:00', 2000, 3, 4, NULL, NULL),
(265, 'Available', '2025-05-24', '14:00:00', '15:00:00', 2000, 3, 5, NULL, NULL),
(266, 'Available', '2025-05-24', '15:00:00', '16:00:00', 2000, 3, 6, NULL, NULL),
(267, 'Available', '2025-05-24', '16:00:00', '17:00:00', 2000, 3, 7, NULL, NULL),
(268, 'Available', '2025-05-24', '17:00:00', '18:00:00', 2000, 3, 8, NULL, NULL),
(269, 'Available', '2025-05-25', '10:00:00', '11:00:00', 2000, 3, 1, NULL, NULL),
(270, 'Available', '2025-05-25', '11:00:00', '12:00:00', 2000, 3, 2, NULL, NULL),
(271, 'Available', '2025-05-25', '12:00:00', '13:00:00', 2000, 3, 3, NULL, NULL),
(272, 'Available', '2025-05-25', '13:00:00', '14:00:00', 2000, 3, 4, NULL, NULL),
(273, 'Available', '2025-05-25', '14:00:00', '15:00:00', 2000, 3, 5, NULL, NULL),
(274, 'Available', '2025-05-25', '15:00:00', '16:00:00', 2000, 3, 6, NULL, NULL),
(275, 'Available', '2025-05-25', '16:00:00', '17:00:00', 2000, 3, 7, NULL, NULL),
(276, 'Available', '2025-05-25', '17:00:00', '18:00:00', 2000, 3, 8, NULL, NULL),
(277, 'Available', '2025-05-26', '10:00:00', '11:00:00', 2000, 3, 1, NULL, NULL),
(278, 'Available', '2025-05-26', '11:00:00', '12:00:00', 2000, 3, 2, NULL, NULL),
(279, 'Available', '2025-05-26', '12:00:00', '13:00:00', 2000, 3, 3, NULL, NULL),
(280, 'Available', '2025-05-26', '13:00:00', '14:00:00', 2000, 3, 4, NULL, NULL),
(281, 'Available', '2025-05-26', '14:00:00', '15:00:00', 2000, 3, 5, NULL, NULL),
(282, 'Available', '2025-05-26', '15:00:00', '16:00:00', 2000, 3, 6, NULL, NULL),
(283, 'Available', '2025-05-26', '16:00:00', '17:00:00', 2000, 3, 7, NULL, NULL),
(284, 'Available', '2025-05-26', '17:00:00', '18:00:00', 2000, 3, 8, NULL, NULL),
(285, 'Available', '2025-05-27', '10:00:00', '11:00:00', 2000, 3, 1, NULL, NULL),
(286, 'Available', '2025-05-27', '11:00:00', '12:00:00', 2000, 3, 2, NULL, NULL),
(287, 'Available', '2025-05-27', '12:00:00', '13:00:00', 2000, 3, 3, NULL, NULL),
(288, 'Available', '2025-05-27', '13:00:00', '14:00:00', 2000, 3, 4, NULL, NULL),
(289, 'Available', '2025-05-27', '14:00:00', '15:00:00', 2000, 3, 5, NULL, NULL),
(290, 'Available', '2025-05-27', '15:00:00', '16:00:00', 2000, 3, 6, NULL, NULL),
(291, 'Available', '2025-05-27', '16:00:00', '17:00:00', 2000, 3, 7, NULL, NULL),
(292, 'Available', '2025-05-27', '17:00:00', '18:00:00', 2000, 3, 8, NULL, NULL),
(293, 'Available', '2025-05-28', '10:00:00', '11:00:00', 2000, 3, 1, NULL, NULL),
(294, 'Available', '2025-05-28', '11:00:00', '12:00:00', 2000, 3, 2, NULL, NULL),
(295, 'Available', '2025-05-28', '12:00:00', '13:00:00', 2000, 3, 3, NULL, NULL),
(296, 'Available', '2025-05-28', '13:00:00', '14:00:00', 2000, 3, 4, NULL, NULL),
(297, 'Available', '2025-05-28', '14:00:00', '15:00:00', 2000, 3, 5, NULL, NULL),
(298, 'Available', '2025-05-28', '15:00:00', '16:00:00', 2000, 3, 6, NULL, NULL),
(299, 'Available', '2025-05-28', '16:00:00', '17:00:00', 2000, 3, 7, NULL, NULL),
(300, 'Available', '2025-05-28', '17:00:00', '18:00:00', 2000, 3, 8, NULL, NULL),
(301, 'Available', '2025-05-20', '10:00:00', '11:00:00', 2000, 4, 1, NULL, NULL),
(302, 'Available', '2025-05-20', '11:00:00', '12:00:00', 2000, 4, 2, NULL, NULL),
(303, 'Available', '2025-05-20', '12:00:00', '13:00:00', 2000, 4, 3, NULL, NULL),
(304, 'Available', '2025-05-20', '13:00:00', '14:00:00', 2000, 4, 4, NULL, NULL),
(305, 'Available', '2025-05-20', '14:00:00', '15:00:00', 2000, 4, 5, NULL, NULL),
(306, 'Available', '2025-05-20', '15:00:00', '16:00:00', 2000, 4, 6, NULL, NULL),
(307, 'Available', '2025-05-20', '16:00:00', '17:00:00', 2000, 4, 7, NULL, NULL),
(308, 'Available', '2025-05-20', '17:00:00', '18:00:00', 2000, 4, 8, NULL, NULL),
(309, 'Available', '2025-05-21', '10:00:00', '11:00:00', 2000, 4, 1, NULL, NULL),
(310, 'Available', '2025-05-21', '11:00:00', '12:00:00', 2000, 4, 2, NULL, NULL),
(311, 'Available', '2025-05-21', '12:00:00', '13:00:00', 2000, 4, 3, NULL, NULL),
(312, 'Available', '2025-05-21', '13:00:00', '14:00:00', 2000, 4, 4, NULL, NULL),
(313, 'Available', '2025-05-21', '14:00:00', '15:00:00', 2000, 4, 5, NULL, NULL),
(314, 'Available', '2025-05-21', '15:00:00', '16:00:00', 2000, 4, 6, NULL, NULL),
(315, 'Available', '2025-05-21', '16:00:00', '17:00:00', 2000, 4, 7, NULL, NULL),
(316, 'Available', '2025-05-21', '17:00:00', '18:00:00', 2000, 4, 8, NULL, NULL),
(317, 'Available', '2025-05-22', '10:00:00', '11:00:00', 2000, 4, 1, NULL, NULL),
(318, 'Available', '2025-05-22', '11:00:00', '12:00:00', 2000, 4, 2, NULL, NULL),
(319, 'Available', '2025-05-22', '12:00:00', '13:00:00', 2000, 4, 3, NULL, NULL),
(320, 'Available', '2025-05-22', '13:00:00', '14:00:00', 2000, 4, 4, NULL, NULL),
(321, 'Available', '2025-05-22', '14:00:00', '15:00:00', 2000, 4, 5, NULL, NULL),
(322, 'Available', '2025-05-22', '15:00:00', '16:00:00', 2000, 4, 6, NULL, NULL),
(323, 'Available', '2025-05-22', '16:00:00', '17:00:00', 2000, 4, 7, NULL, NULL),
(324, 'Available', '2025-05-22', '17:00:00', '18:00:00', 2000, 4, 8, NULL, NULL),
(325, 'Available', '2025-05-23', '10:00:00', '11:00:00', 2000, 4, 1, NULL, NULL),
(326, 'Available', '2025-05-23', '11:00:00', '12:00:00', 2000, 4, 2, NULL, NULL),
(327, 'Available', '2025-05-23', '12:00:00', '13:00:00', 2000, 4, 3, NULL, NULL),
(328, 'Available', '2025-05-23', '13:00:00', '14:00:00', 2000, 4, 4, NULL, NULL),
(329, 'Available', '2025-05-23', '14:00:00', '15:00:00', 2000, 4, 5, NULL, NULL),
(330, 'Available', '2025-05-23', '15:00:00', '16:00:00', 2000, 4, 6, NULL, NULL),
(331, 'Available', '2025-05-23', '16:00:00', '17:00:00', 2000, 4, 7, NULL, NULL),
(332, 'Available', '2025-05-23', '17:00:00', '18:00:00', 2000, 4, 8, NULL, NULL),
(333, 'Available', '2025-05-24', '10:00:00', '11:00:00', 2000, 4, 1, NULL, NULL),
(334, 'Available', '2025-05-24', '11:00:00', '12:00:00', 2000, 4, 2, NULL, NULL),
(335, 'Available', '2025-05-24', '12:00:00', '13:00:00', 2000, 4, 3, NULL, NULL),
(336, 'Available', '2025-05-24', '13:00:00', '14:00:00', 2000, 4, 4, NULL, NULL),
(337, 'Available', '2025-05-24', '14:00:00', '15:00:00', 2000, 4, 5, NULL, NULL),
(338, 'Available', '2025-05-24', '15:00:00', '16:00:00', 2000, 4, 6, NULL, NULL),
(339, 'Available', '2025-05-24', '16:00:00', '17:00:00', 2000, 4, 7, NULL, NULL),
(340, 'Available', '2025-05-24', '17:00:00', '18:00:00', 2000, 4, 8, NULL, NULL),
(341, 'Available', '2025-05-25', '10:00:00', '11:00:00', 2000, 4, 1, NULL, NULL),
(342, 'Available', '2025-05-25', '11:00:00', '12:00:00', 2000, 4, 2, NULL, NULL),
(343, 'Available', '2025-05-25', '12:00:00', '13:00:00', 2000, 4, 3, NULL, NULL),
(344, 'Available', '2025-05-25', '13:00:00', '14:00:00', 2000, 4, 4, NULL, NULL),
(345, 'Available', '2025-05-25', '14:00:00', '15:00:00', 2000, 4, 5, NULL, NULL),
(346, 'Available', '2025-05-25', '15:00:00', '16:00:00', 2000, 4, 6, NULL, NULL),
(347, 'Available', '2025-05-25', '16:00:00', '17:00:00', 2000, 4, 7, NULL, NULL),
(348, 'Available', '2025-05-25', '17:00:00', '18:00:00', 2000, 4, 8, NULL, NULL),
(349, 'Available', '2025-05-26', '10:00:00', '11:00:00', 2000, 4, 1, NULL, NULL),
(350, 'Available', '2025-05-26', '11:00:00', '12:00:00', 2000, 4, 2, NULL, NULL),
(351, 'Available', '2025-05-26', '12:00:00', '13:00:00', 2000, 4, 3, NULL, NULL),
(352, 'Available', '2025-05-26', '13:00:00', '14:00:00', 2000, 4, 4, NULL, NULL),
(353, 'Available', '2025-05-26', '14:00:00', '15:00:00', 2000, 4, 5, NULL, NULL),
(354, 'Available', '2025-05-26', '15:00:00', '16:00:00', 2000, 4, 6, NULL, NULL),
(355, 'Available', '2025-05-26', '16:00:00', '17:00:00', 2000, 4, 7, NULL, NULL),
(356, 'Available', '2025-05-26', '17:00:00', '18:00:00', 2000, 4, 8, NULL, NULL),
(357, 'Available', '2025-05-27', '10:00:00', '11:00:00', 2000, 4, 1, NULL, NULL),
(358, 'Available', '2025-05-27', '11:00:00', '12:00:00', 2000, 4, 2, NULL, NULL),
(359, 'Available', '2025-05-27', '12:00:00', '13:00:00', 2000, 4, 3, NULL, NULL),
(360, 'Available', '2025-05-27', '13:00:00', '14:00:00', 2000, 4, 4, NULL, NULL),
(361, 'Available', '2025-05-27', '14:00:00', '15:00:00', 2000, 4, 5, NULL, NULL),
(362, 'Available', '2025-05-27', '15:00:00', '16:00:00', 2000, 4, 6, NULL, NULL),
(363, 'Available', '2025-05-27', '16:00:00', '17:00:00', 2000, 4, 7, NULL, NULL),
(364, 'Available', '2025-05-27', '17:00:00', '18:00:00', 2000, 4, 8, NULL, NULL),
(365, 'Available', '2025-05-28', '10:00:00', '11:00:00', 2000, 4, 1, NULL, NULL),
(366, 'Available', '2025-05-28', '11:00:00', '12:00:00', 2000, 4, 2, NULL, NULL),
(367, 'Available', '2025-05-28', '12:00:00', '13:00:00', 2000, 4, 3, NULL, NULL),
(368, 'Available', '2025-05-28', '13:00:00', '14:00:00', 2000, 4, 4, NULL, NULL),
(369, 'Available', '2025-05-28', '14:00:00', '15:00:00', 2000, 4, 5, NULL, NULL),
(370, 'Available', '2025-05-28', '15:00:00', '16:00:00', 2000, 4, 6, NULL, NULL),
(371, 'Available', '2025-05-28', '16:00:00', '17:00:00', 2000, 4, 7, NULL, NULL),
(372, 'Available', '2025-05-28', '17:00:00', '18:00:00', 2000, 4, 8, NULL, NULL),
(373, 'Pending', '2025-05-20', '10:00:00', '11:00:00', 2000, 5, 1, NULL, NULL),
(374, 'Available', '2025-05-20', '11:00:00', '12:00:00', 2000, 5, 2, NULL, NULL),
(375, 'Available', '2025-05-20', '12:00:00', '13:00:00', 2000, 5, 3, NULL, NULL),
(376, 'Available', '2025-05-20', '13:00:00', '14:00:00', 2000, 5, 4, NULL, NULL),
(377, 'Available', '2025-05-20', '14:00:00', '15:00:00', 2000, 5, 5, NULL, NULL),
(378, 'Available', '2025-05-20', '15:00:00', '16:00:00', 2000, 5, 6, NULL, NULL),
(379, 'Available', '2025-05-20', '16:00:00', '17:00:00', 2000, 5, 7, NULL, NULL),
(380, 'Booked', '2025-05-20', '17:00:00', '18:00:00', 2000, 5, 8, 13, NULL),
(381, 'Available', '2025-05-21', '10:00:00', '11:00:00', 2000, 5, 1, NULL, NULL),
(382, 'Available', '2025-05-21', '11:00:00', '12:00:00', 2000, 5, 2, NULL, NULL),
(383, 'Available', '2025-05-21', '12:00:00', '13:00:00', 2000, 5, 3, NULL, NULL),
(384, 'Available', '2025-05-21', '13:00:00', '14:00:00', 2000, 5, 4, NULL, NULL),
(385, 'Available', '2025-05-21', '14:00:00', '15:00:00', 2000, 5, 5, NULL, NULL),
(386, 'Available', '2025-05-21', '15:00:00', '16:00:00', 2000, 5, 6, NULL, NULL),
(387, 'Available', '2025-05-21', '16:00:00', '17:00:00', 2000, 5, 7, NULL, NULL),
(388, 'Available', '2025-05-21', '17:00:00', '18:00:00', 2000, 5, 8, NULL, NULL),
(389, 'Available', '2025-05-22', '10:00:00', '11:00:00', 2000, 5, 1, NULL, NULL),
(390, 'Available', '2025-05-22', '11:00:00', '12:00:00', 2000, 5, 2, NULL, NULL),
(391, 'Available', '2025-05-22', '12:00:00', '13:00:00', 2000, 5, 3, NULL, NULL),
(392, 'Available', '2025-05-22', '13:00:00', '14:00:00', 2000, 5, 4, NULL, NULL),
(393, 'Available', '2025-05-22', '14:00:00', '15:00:00', 2000, 5, 5, NULL, NULL),
(394, 'Available', '2025-05-22', '15:00:00', '16:00:00', 2000, 5, 6, NULL, NULL),
(395, 'Available', '2025-05-22', '16:00:00', '17:00:00', 2000, 5, 7, NULL, NULL),
(396, 'Available', '2025-05-22', '17:00:00', '18:00:00', 2000, 5, 8, NULL, NULL),
(397, 'Available', '2025-05-23', '10:00:00', '11:00:00', 2000, 5, 1, NULL, NULL),
(398, 'Available', '2025-05-23', '11:00:00', '12:00:00', 2000, 5, 2, NULL, NULL),
(399, 'Available', '2025-05-23', '12:00:00', '13:00:00', 2000, 5, 3, NULL, NULL),
(400, 'Available', '2025-05-23', '13:00:00', '14:00:00', 2000, 5, 4, NULL, NULL),
(401, 'Available', '2025-05-23', '14:00:00', '15:00:00', 2000, 5, 5, NULL, NULL),
(402, 'Available', '2025-05-23', '15:00:00', '16:00:00', 2000, 5, 6, NULL, NULL),
(403, 'Available', '2025-05-23', '16:00:00', '17:00:00', 2000, 5, 7, NULL, NULL),
(404, 'Available', '2025-05-23', '17:00:00', '18:00:00', 2000, 5, 8, NULL, NULL),
(405, 'Available', '2025-05-24', '10:00:00', '11:00:00', 2000, 5, 1, NULL, NULL),
(406, 'Available', '2025-05-24', '11:00:00', '12:00:00', 2000, 5, 2, NULL, NULL),
(407, 'Available', '2025-05-24', '12:00:00', '13:00:00', 2000, 5, 3, NULL, NULL),
(408, 'Available', '2025-05-24', '13:00:00', '14:00:00', 2000, 5, 4, NULL, NULL),
(409, 'Available', '2025-05-24', '14:00:00', '15:00:00', 2000, 5, 5, NULL, NULL),
(410, 'Available', '2025-05-24', '15:00:00', '16:00:00', 2000, 5, 6, NULL, NULL),
(411, 'Available', '2025-05-24', '16:00:00', '17:00:00', 2000, 5, 7, NULL, NULL),
(412, 'Available', '2025-05-24', '17:00:00', '18:00:00', 2000, 5, 8, NULL, NULL),
(413, 'Available', '2025-05-25', '10:00:00', '11:00:00', 2000, 5, 1, NULL, NULL),
(414, 'Available', '2025-05-25', '11:00:00', '12:00:00', 2000, 5, 2, NULL, NULL),
(415, 'Available', '2025-05-25', '12:00:00', '13:00:00', 2000, 5, 3, NULL, NULL),
(416, 'Available', '2025-05-25', '13:00:00', '14:00:00', 2000, 5, 4, NULL, NULL),
(417, 'Available', '2025-05-25', '14:00:00', '15:00:00', 2000, 5, 5, NULL, NULL),
(418, 'Available', '2025-05-25', '15:00:00', '16:00:00', 2000, 5, 6, NULL, NULL),
(419, 'Available', '2025-05-25', '16:00:00', '17:00:00', 2000, 5, 7, NULL, NULL),
(420, 'Available', '2025-05-25', '17:00:00', '18:00:00', 2000, 5, 8, NULL, NULL),
(421, 'Available', '2025-05-26', '10:00:00', '11:00:00', 2000, 5, 1, NULL, NULL),
(422, 'Available', '2025-05-26', '11:00:00', '12:00:00', 2000, 5, 2, NULL, NULL),
(423, 'Available', '2025-05-26', '12:00:00', '13:00:00', 2000, 5, 3, NULL, NULL),
(424, 'Available', '2025-05-26', '13:00:00', '14:00:00', 2000, 5, 4, NULL, NULL),
(425, 'Available', '2025-05-26', '14:00:00', '15:00:00', 2000, 5, 5, NULL, NULL),
(426, 'Available', '2025-05-26', '15:00:00', '16:00:00', 2000, 5, 6, NULL, NULL),
(427, 'Available', '2025-05-26', '16:00:00', '17:00:00', 2000, 5, 7, NULL, NULL),
(428, 'Available', '2025-05-26', '17:00:00', '18:00:00', 2000, 5, 8, NULL, NULL),
(429, 'Available', '2025-05-27', '10:00:00', '11:00:00', 2000, 5, 1, NULL, NULL),
(430, 'Available', '2025-05-27', '11:00:00', '12:00:00', 2000, 5, 2, NULL, NULL),
(431, 'Available', '2025-05-27', '12:00:00', '13:00:00', 2000, 5, 3, NULL, NULL),
(432, 'Available', '2025-05-27', '13:00:00', '14:00:00', 2000, 5, 4, NULL, NULL),
(433, 'Available', '2025-05-27', '14:00:00', '15:00:00', 2000, 5, 5, NULL, NULL),
(434, 'Available', '2025-05-27', '15:00:00', '16:00:00', 2000, 5, 6, NULL, NULL),
(435, 'Available', '2025-05-27', '16:00:00', '17:00:00', 2000, 5, 7, NULL, NULL),
(436, 'Available', '2025-05-27', '17:00:00', '18:00:00', 2000, 5, 8, NULL, NULL),
(437, 'Available', '2025-05-28', '10:00:00', '11:00:00', 2000, 5, 1, NULL, NULL),
(438, 'Available', '2025-05-28', '11:00:00', '12:00:00', 2000, 5, 2, NULL, NULL),
(439, 'Available', '2025-05-28', '12:00:00', '13:00:00', 2000, 5, 3, NULL, NULL),
(440, 'Available', '2025-05-28', '13:00:00', '14:00:00', 2000, 5, 4, NULL, NULL),
(441, 'Available', '2025-05-28', '14:00:00', '15:00:00', 2000, 5, 5, NULL, NULL),
(442, 'Available', '2025-05-28', '15:00:00', '16:00:00', 2000, 5, 6, NULL, NULL),
(443, 'Available', '2025-05-28', '16:00:00', '17:00:00', 2000, 5, 7, NULL, NULL),
(444, 'Available', '2025-05-28', '17:00:00', '18:00:00', 2000, 5, 8, NULL, NULL),
(445, 'Available', '2025-05-20', '10:00:00', '11:00:00', 2000, 6, 1, NULL, NULL),
(446, 'Available', '2025-05-20', '11:00:00', '12:00:00', 2000, 6, 2, NULL, NULL),
(447, 'Pending', '2025-05-20', '12:00:00', '13:00:00', 2000, 6, 3, NULL, NULL),
(448, 'Available', '2025-05-20', '13:00:00', '14:00:00', 2000, 6, 4, NULL, NULL),
(449, 'Available', '2025-05-20', '14:00:00', '15:00:00', 2000, 6, 5, NULL, NULL),
(450, 'Available', '2025-05-20', '15:00:00', '16:00:00', 2000, 6, 6, NULL, NULL),
(451, 'Available', '2025-05-20', '16:00:00', '17:00:00', 2000, 6, 7, NULL, NULL),
(452, 'Pending', '2025-05-20', '17:00:00', '18:00:00', 2000, 6, 8, NULL, NULL),
(453, 'Available', '2025-05-21', '10:00:00', '11:00:00', 2000, 6, 1, NULL, NULL),
(454, 'Available', '2025-05-21', '11:00:00', '12:00:00', 2000, 6, 2, NULL, NULL),
(455, 'Available', '2025-05-21', '12:00:00', '13:00:00', 2000, 6, 3, NULL, NULL),
(456, 'Available', '2025-05-21', '13:00:00', '14:00:00', 2000, 6, 4, NULL, NULL),
(457, 'Available', '2025-05-21', '14:00:00', '15:00:00', 2000, 6, 5, NULL, NULL),
(458, 'Available', '2025-05-21', '15:00:00', '16:00:00', 2000, 6, 6, NULL, NULL),
(459, 'Available', '2025-05-21', '16:00:00', '17:00:00', 2000, 6, 7, NULL, NULL),
(460, 'Available', '2025-05-21', '17:00:00', '18:00:00', 2000, 6, 8, NULL, NULL),
(461, 'Available', '2025-05-22', '10:00:00', '11:00:00', 2000, 6, 1, NULL, NULL),
(462, 'Available', '2025-05-22', '11:00:00', '12:00:00', 2000, 6, 2, NULL, NULL),
(463, 'Available', '2025-05-22', '12:00:00', '13:00:00', 2000, 6, 3, NULL, NULL),
(464, 'Available', '2025-05-22', '13:00:00', '14:00:00', 2000, 6, 4, NULL, NULL),
(465, 'Available', '2025-05-22', '14:00:00', '15:00:00', 2000, 6, 5, NULL, NULL),
(466, 'Available', '2025-05-22', '15:00:00', '16:00:00', 2000, 6, 6, NULL, NULL),
(467, 'Available', '2025-05-22', '16:00:00', '17:00:00', 2000, 6, 7, NULL, NULL),
(468, 'Available', '2025-05-22', '17:00:00', '18:00:00', 2000, 6, 8, NULL, NULL),
(469, 'Available', '2025-05-23', '10:00:00', '11:00:00', 2000, 6, 1, NULL, NULL),
(470, 'Available', '2025-05-23', '11:00:00', '12:00:00', 2000, 6, 2, NULL, NULL),
(471, 'Available', '2025-05-23', '12:00:00', '13:00:00', 2000, 6, 3, NULL, NULL),
(472, 'Available', '2025-05-23', '13:00:00', '14:00:00', 2000, 6, 4, NULL, NULL),
(473, 'Available', '2025-05-23', '14:00:00', '15:00:00', 2000, 6, 5, NULL, NULL),
(474, 'Available', '2025-05-23', '15:00:00', '16:00:00', 2000, 6, 6, NULL, NULL),
(475, 'Available', '2025-05-23', '16:00:00', '17:00:00', 2000, 6, 7, NULL, NULL),
(476, 'Available', '2025-05-23', '17:00:00', '18:00:00', 2000, 6, 8, NULL, NULL),
(477, 'Available', '2025-05-24', '10:00:00', '11:00:00', 2000, 6, 1, NULL, NULL),
(478, 'Available', '2025-05-24', '11:00:00', '12:00:00', 2000, 6, 2, NULL, NULL),
(479, 'Available', '2025-05-24', '12:00:00', '13:00:00', 2000, 6, 3, NULL, NULL),
(480, 'Available', '2025-05-24', '13:00:00', '14:00:00', 2000, 6, 4, NULL, NULL),
(481, 'Available', '2025-05-24', '14:00:00', '15:00:00', 2000, 6, 5, NULL, NULL),
(482, 'Available', '2025-05-24', '15:00:00', '16:00:00', 2000, 6, 6, NULL, NULL),
(483, 'Available', '2025-05-24', '16:00:00', '17:00:00', 2000, 6, 7, NULL, NULL),
(484, 'Available', '2025-05-24', '17:00:00', '18:00:00', 2000, 6, 8, NULL, NULL),
(485, 'Available', '2025-05-25', '10:00:00', '11:00:00', 2000, 6, 1, NULL, NULL),
(486, 'Available', '2025-05-25', '11:00:00', '12:00:00', 2000, 6, 2, NULL, NULL),
(487, 'Available', '2025-05-25', '12:00:00', '13:00:00', 2000, 6, 3, NULL, NULL),
(488, 'Available', '2025-05-25', '13:00:00', '14:00:00', 2000, 6, 4, NULL, NULL),
(489, 'Available', '2025-05-25', '14:00:00', '15:00:00', 2000, 6, 5, NULL, NULL),
(490, 'Available', '2025-05-25', '15:00:00', '16:00:00', 2000, 6, 6, NULL, NULL),
(491, 'Available', '2025-05-25', '16:00:00', '17:00:00', 2000, 6, 7, NULL, NULL),
(492, 'Available', '2025-05-25', '17:00:00', '18:00:00', 2000, 6, 8, NULL, NULL),
(493, 'Available', '2025-05-26', '10:00:00', '11:00:00', 2000, 6, 1, NULL, NULL),
(494, 'Available', '2025-05-26', '11:00:00', '12:00:00', 2000, 6, 2, NULL, NULL),
(495, 'Available', '2025-05-26', '12:00:00', '13:00:00', 2000, 6, 3, NULL, NULL),
(496, 'Available', '2025-05-26', '13:00:00', '14:00:00', 2000, 6, 4, NULL, NULL),
(497, 'Available', '2025-05-26', '14:00:00', '15:00:00', 2000, 6, 5, NULL, NULL),
(498, 'Available', '2025-05-26', '15:00:00', '16:00:00', 2000, 6, 6, NULL, NULL),
(499, 'Available', '2025-05-26', '16:00:00', '17:00:00', 2000, 6, 7, NULL, NULL),
(500, 'Available', '2025-05-26', '17:00:00', '18:00:00', 2000, 6, 8, NULL, NULL),
(501, 'Available', '2025-05-27', '10:00:00', '11:00:00', 2000, 6, 1, NULL, NULL),
(502, 'Available', '2025-05-27', '11:00:00', '12:00:00', 2000, 6, 2, NULL, NULL),
(503, 'Available', '2025-05-27', '12:00:00', '13:00:00', 2000, 6, 3, NULL, NULL),
(504, 'Available', '2025-05-27', '13:00:00', '14:00:00', 2000, 6, 4, NULL, NULL),
(505, 'Available', '2025-05-27', '14:00:00', '15:00:00', 2000, 6, 5, NULL, NULL),
(506, 'Available', '2025-05-27', '15:00:00', '16:00:00', 2000, 6, 6, NULL, NULL),
(507, 'Available', '2025-05-27', '16:00:00', '17:00:00', 2000, 6, 7, NULL, NULL),
(508, 'Available', '2025-05-27', '17:00:00', '18:00:00', 2000, 6, 8, NULL, NULL),
(509, 'Available', '2025-05-28', '10:00:00', '11:00:00', 2000, 6, 1, NULL, NULL),
(510, 'Available', '2025-05-28', '11:00:00', '12:00:00', 2000, 6, 2, NULL, NULL),
(511, 'Available', '2025-05-28', '12:00:00', '13:00:00', 2000, 6, 3, NULL, NULL),
(512, 'Available', '2025-05-28', '13:00:00', '14:00:00', 2000, 6, 4, NULL, NULL),
(513, 'Available', '2025-05-28', '14:00:00', '15:00:00', 2000, 6, 5, NULL, NULL),
(514, 'Available', '2025-05-28', '15:00:00', '16:00:00', 2000, 6, 6, NULL, NULL),
(515, 'Available', '2025-05-28', '16:00:00', '17:00:00', 2000, 6, 7, NULL, NULL),
(516, 'Available', '2025-05-28', '17:00:00', '18:00:00', 2000, 6, 8, NULL, NULL),
(517, 'Pending', '2025-05-20', '10:00:00', '11:00:00', 2000, 7, 1, NULL, NULL),
(518, 'Pending', '2025-05-20', '11:00:00', '12:00:00', 2000, 7, 2, NULL, NULL),
(519, 'Available', '2025-05-20', '12:00:00', '13:00:00', 2000, 7, 3, NULL, NULL),
(520, 'Available', '2025-05-20', '13:00:00', '14:00:00', 2000, 7, 4, NULL, NULL),
(521, 'Available', '2025-05-20', '14:00:00', '15:00:00', 2000, 7, 5, NULL, NULL),
(522, 'Available', '2025-05-20', '15:00:00', '16:00:00', 2000, 7, 6, NULL, NULL),
(523, 'Available', '2025-05-20', '16:00:00', '17:00:00', 2000, 7, 7, NULL, NULL),
(524, 'Available', '2025-05-20', '17:00:00', '18:00:00', 2000, 7, 8, NULL, NULL),
(525, 'Available', '2025-05-21', '10:00:00', '11:00:00', 2000, 7, 1, NULL, NULL),
(526, 'Available', '2025-05-21', '11:00:00', '12:00:00', 2000, 7, 2, NULL, NULL),
(527, 'Available', '2025-05-21', '12:00:00', '13:00:00', 2000, 7, 3, NULL, NULL),
(528, 'Available', '2025-05-21', '13:00:00', '14:00:00', 2000, 7, 4, NULL, NULL),
(529, 'Available', '2025-05-21', '14:00:00', '15:00:00', 2000, 7, 5, NULL, NULL),
(530, 'Available', '2025-05-21', '15:00:00', '16:00:00', 2000, 7, 6, NULL, NULL),
(531, 'Available', '2025-05-21', '16:00:00', '17:00:00', 2000, 7, 7, NULL, NULL),
(532, 'Available', '2025-05-21', '17:00:00', '18:00:00', 2000, 7, 8, NULL, NULL),
(533, 'Pending', '2025-05-22', '10:00:00', '11:00:00', 2000, 7, 1, NULL, NULL),
(534, 'Available', '2025-05-22', '11:00:00', '12:00:00', 2000, 7, 2, NULL, NULL),
(535, 'Available', '2025-05-22', '12:00:00', '13:00:00', 2000, 7, 3, NULL, NULL),
(536, 'Available', '2025-05-22', '13:00:00', '14:00:00', 2000, 7, 4, NULL, NULL),
(537, 'Available', '2025-05-22', '14:00:00', '15:00:00', 2000, 7, 5, NULL, NULL),
(538, 'Available', '2025-05-22', '15:00:00', '16:00:00', 2000, 7, 6, NULL, NULL),
(539, 'Available', '2025-05-22', '16:00:00', '17:00:00', 2000, 7, 7, NULL, NULL),
(540, 'Available', '2025-05-22', '17:00:00', '18:00:00', 2000, 7, 8, NULL, NULL),
(541, 'Available', '2025-05-23', '10:00:00', '11:00:00', 2000, 7, 1, NULL, NULL),
(542, 'Available', '2025-05-23', '11:00:00', '12:00:00', 2000, 7, 2, NULL, NULL),
(543, 'Available', '2025-05-23', '12:00:00', '13:00:00', 2000, 7, 3, NULL, NULL),
(544, 'Available', '2025-05-23', '13:00:00', '14:00:00', 2000, 7, 4, NULL, NULL),
(545, 'Available', '2025-05-23', '14:00:00', '15:00:00', 2000, 7, 5, NULL, NULL),
(546, 'Available', '2025-05-23', '15:00:00', '16:00:00', 2000, 7, 6, NULL, NULL),
(547, 'Available', '2025-05-23', '16:00:00', '17:00:00', 2000, 7, 7, NULL, NULL),
(548, 'Available', '2025-05-23', '17:00:00', '18:00:00', 2000, 7, 8, NULL, NULL),
(549, 'Available', '2025-05-24', '10:00:00', '11:00:00', 2000, 7, 1, NULL, NULL),
(550, 'Available', '2025-05-24', '11:00:00', '12:00:00', 2000, 7, 2, NULL, NULL),
(551, 'Available', '2025-05-24', '12:00:00', '13:00:00', 2000, 7, 3, NULL, NULL),
(552, 'Available', '2025-05-24', '13:00:00', '14:00:00', 2000, 7, 4, NULL, NULL),
(553, 'Available', '2025-05-24', '14:00:00', '15:00:00', 2000, 7, 5, NULL, NULL),
(554, 'Available', '2025-05-24', '15:00:00', '16:00:00', 2000, 7, 6, NULL, NULL),
(555, 'Available', '2025-05-24', '16:00:00', '17:00:00', 2000, 7, 7, NULL, NULL),
(556, 'Available', '2025-05-24', '17:00:00', '18:00:00', 2000, 7, 8, NULL, NULL),
(557, 'Available', '2025-05-25', '10:00:00', '11:00:00', 2000, 7, 1, NULL, NULL),
(558, 'Available', '2025-05-25', '11:00:00', '12:00:00', 2000, 7, 2, NULL, NULL),
(559, 'Available', '2025-05-25', '12:00:00', '13:00:00', 2000, 7, 3, NULL, NULL),
(560, 'Available', '2025-05-25', '13:00:00', '14:00:00', 2000, 7, 4, NULL, NULL),
(561, 'Available', '2025-05-25', '14:00:00', '15:00:00', 2000, 7, 5, NULL, NULL),
(562, 'Available', '2025-05-25', '15:00:00', '16:00:00', 2000, 7, 6, NULL, NULL),
(563, 'Available', '2025-05-25', '16:00:00', '17:00:00', 2000, 7, 7, NULL, NULL),
(564, 'Available', '2025-05-25', '17:00:00', '18:00:00', 2000, 7, 8, NULL, NULL),
(565, 'Available', '2025-05-26', '10:00:00', '11:00:00', 2000, 7, 1, NULL, NULL),
(566, 'Available', '2025-05-26', '11:00:00', '12:00:00', 2000, 7, 2, NULL, NULL),
(567, 'Available', '2025-05-26', '12:00:00', '13:00:00', 2000, 7, 3, NULL, NULL),
(568, 'Available', '2025-05-26', '13:00:00', '14:00:00', 2000, 7, 4, NULL, NULL),
(569, 'Available', '2025-05-26', '14:00:00', '15:00:00', 2000, 7, 5, NULL, NULL),
(570, 'Available', '2025-05-26', '15:00:00', '16:00:00', 2000, 7, 6, NULL, NULL),
(571, 'Available', '2025-05-26', '16:00:00', '17:00:00', 2000, 7, 7, NULL, NULL),
(572, 'Available', '2025-05-26', '17:00:00', '18:00:00', 2000, 7, 8, NULL, NULL),
(573, 'Available', '2025-05-27', '10:00:00', '11:00:00', 2000, 7, 1, NULL, NULL),
(574, 'Available', '2025-05-27', '11:00:00', '12:00:00', 2000, 7, 2, NULL, NULL),
(575, 'Available', '2025-05-27', '12:00:00', '13:00:00', 2000, 7, 3, NULL, NULL),
(576, 'Available', '2025-05-27', '13:00:00', '14:00:00', 2000, 7, 4, NULL, NULL),
(577, 'Available', '2025-05-27', '14:00:00', '15:00:00', 2000, 7, 5, NULL, NULL),
(578, 'Available', '2025-05-27', '15:00:00', '16:00:00', 2000, 7, 6, NULL, NULL),
(579, 'Available', '2025-05-27', '16:00:00', '17:00:00', 2000, 7, 7, NULL, NULL),
(580, 'Available', '2025-05-27', '17:00:00', '18:00:00', 2000, 7, 8, NULL, NULL),
(581, 'Available', '2025-05-28', '10:00:00', '11:00:00', 2000, 7, 1, NULL, NULL),
(582, 'Available', '2025-05-28', '11:00:00', '12:00:00', 2000, 7, 2, NULL, NULL),
(583, 'Available', '2025-05-28', '12:00:00', '13:00:00', 2000, 7, 3, NULL, NULL),
(584, 'Available', '2025-05-28', '13:00:00', '14:00:00', 2000, 7, 4, NULL, NULL),
(585, 'Available', '2025-05-28', '14:00:00', '15:00:00', 2000, 7, 5, NULL, NULL),
(586, 'Available', '2025-05-28', '15:00:00', '16:00:00', 2000, 7, 6, NULL, NULL),
(587, 'Available', '2025-05-28', '16:00:00', '17:00:00', 2000, 7, 7, NULL, NULL),
(588, 'Available', '2025-05-28', '17:00:00', '18:00:00', 2000, 7, 8, NULL, NULL),
(589, 'Pending', '2025-05-20', '10:00:00', '11:00:00', 2000, 8, 1, NULL, NULL),
(590, 'Pending', '2025-05-20', '11:00:00', '12:00:00', 2000, 8, 2, NULL, NULL),
(591, 'Pending', '2025-05-20', '12:00:00', '13:00:00', 2000, 8, 3, NULL, NULL),
(592, 'Available', '2025-05-20', '13:00:00', '14:00:00', 2000, 8, 4, NULL, NULL),
(593, 'Available', '2025-05-20', '14:00:00', '15:00:00', 2000, 8, 5, NULL, NULL),
(594, 'Available', '2025-05-20', '15:00:00', '16:00:00', 2000, 8, 6, NULL, NULL),
(595, 'Available', '2025-05-20', '16:00:00', '17:00:00', 2000, 8, 7, NULL, NULL),
(596, 'Available', '2025-05-20', '17:00:00', '18:00:00', 2000, 8, 8, NULL, NULL),
(597, 'Available', '2025-05-21', '10:00:00', '11:00:00', 2000, 8, 1, NULL, NULL),
(598, 'Available', '2025-05-21', '11:00:00', '12:00:00', 2000, 8, 2, NULL, NULL),
(599, 'Available', '2025-05-21', '12:00:00', '13:00:00', 2000, 8, 3, NULL, NULL),
(600, 'Available', '2025-05-21', '13:00:00', '14:00:00', 2000, 8, 4, NULL, NULL),
(601, 'Available', '2025-05-21', '14:00:00', '15:00:00', 2000, 8, 5, NULL, NULL),
(602, 'Available', '2025-05-21', '15:00:00', '16:00:00', 2000, 8, 6, NULL, NULL),
(603, 'Available', '2025-05-21', '16:00:00', '17:00:00', 2000, 8, 7, NULL, NULL),
(604, 'Available', '2025-05-21', '17:00:00', '18:00:00', 2000, 8, 8, NULL, NULL),
(605, 'Available', '2025-05-22', '10:00:00', '11:00:00', 2000, 8, 1, NULL, NULL),
(606, 'Available', '2025-05-22', '11:00:00', '12:00:00', 2000, 8, 2, NULL, NULL),
(607, 'Available', '2025-05-22', '12:00:00', '13:00:00', 2000, 8, 3, NULL, NULL),
(608, 'Available', '2025-05-22', '13:00:00', '14:00:00', 2000, 8, 4, NULL, NULL),
(609, 'Available', '2025-05-22', '14:00:00', '15:00:00', 2000, 8, 5, NULL, NULL),
(610, 'Available', '2025-05-22', '15:00:00', '16:00:00', 2000, 8, 6, NULL, NULL),
(611, 'Available', '2025-05-22', '16:00:00', '17:00:00', 2000, 8, 7, NULL, NULL),
(612, 'Available', '2025-05-22', '17:00:00', '18:00:00', 2000, 8, 8, NULL, NULL),
(613, 'Available', '2025-05-23', '10:00:00', '11:00:00', 2000, 8, 1, NULL, NULL),
(614, 'Available', '2025-05-23', '11:00:00', '12:00:00', 2000, 8, 2, NULL, NULL),
(615, 'Available', '2025-05-23', '12:00:00', '13:00:00', 2000, 8, 3, NULL, NULL),
(616, 'Available', '2025-05-23', '13:00:00', '14:00:00', 2000, 8, 4, NULL, NULL),
(617, 'Available', '2025-05-23', '14:00:00', '15:00:00', 2000, 8, 5, NULL, NULL),
(618, 'Available', '2025-05-23', '15:00:00', '16:00:00', 2000, 8, 6, NULL, NULL),
(619, 'Available', '2025-05-23', '16:00:00', '17:00:00', 2000, 8, 7, NULL, NULL),
(620, 'Available', '2025-05-23', '17:00:00', '18:00:00', 2000, 8, 8, NULL, NULL),
(621, 'Available', '2025-05-24', '10:00:00', '11:00:00', 2000, 8, 1, NULL, NULL),
(622, 'Available', '2025-05-24', '11:00:00', '12:00:00', 2000, 8, 2, NULL, NULL),
(623, 'Available', '2025-05-24', '12:00:00', '13:00:00', 2000, 8, 3, NULL, NULL),
(624, 'Available', '2025-05-24', '13:00:00', '14:00:00', 2000, 8, 4, NULL, NULL),
(625, 'Available', '2025-05-24', '14:00:00', '15:00:00', 2000, 8, 5, NULL, NULL),
(626, 'Available', '2025-05-24', '15:00:00', '16:00:00', 2000, 8, 6, NULL, NULL);
INSERT INTO `Appointment` (`appointmentID`, `appointmentStatus`, `appointmentDate`, `appointmentStartTime`, `appointmentEndTime`, `appointmentFee`, `doctorID`, `roomID`, `paymentID`, `treatmentID`) VALUES
(627, 'Available', '2025-05-24', '16:00:00', '17:00:00', 2000, 8, 7, NULL, NULL),
(628, 'Available', '2025-05-24', '17:00:00', '18:00:00', 2000, 8, 8, NULL, NULL),
(629, 'Available', '2025-05-25', '10:00:00', '11:00:00', 2000, 8, 1, NULL, NULL),
(630, 'Available', '2025-05-25', '11:00:00', '12:00:00', 2000, 8, 2, NULL, NULL),
(631, 'Available', '2025-05-25', '12:00:00', '13:00:00', 2000, 8, 3, NULL, NULL),
(632, 'Available', '2025-05-25', '13:00:00', '14:00:00', 2000, 8, 4, NULL, NULL),
(633, 'Available', '2025-05-25', '14:00:00', '15:00:00', 2000, 8, 5, NULL, NULL),
(634, 'Available', '2025-05-25', '15:00:00', '16:00:00', 2000, 8, 6, NULL, NULL),
(635, 'Available', '2025-05-25', '16:00:00', '17:00:00', 2000, 8, 7, NULL, NULL),
(636, 'Available', '2025-05-25', '17:00:00', '18:00:00', 2000, 8, 8, NULL, NULL),
(637, 'Available', '2025-05-26', '10:00:00', '11:00:00', 2000, 8, 1, NULL, NULL),
(638, 'Available', '2025-05-26', '11:00:00', '12:00:00', 2000, 8, 2, NULL, NULL),
(639, 'Available', '2025-05-26', '12:00:00', '13:00:00', 2000, 8, 3, NULL, NULL),
(640, 'Available', '2025-05-26', '13:00:00', '14:00:00', 2000, 8, 4, NULL, NULL),
(641, 'Available', '2025-05-26', '14:00:00', '15:00:00', 2000, 8, 5, NULL, NULL),
(642, 'Available', '2025-05-26', '15:00:00', '16:00:00', 2000, 8, 6, NULL, NULL),
(643, 'Available', '2025-05-26', '16:00:00', '17:00:00', 2000, 8, 7, NULL, NULL),
(644, 'Available', '2025-05-26', '17:00:00', '18:00:00', 2000, 8, 8, NULL, NULL),
(645, 'Available', '2025-05-27', '10:00:00', '11:00:00', 2000, 8, 1, NULL, NULL),
(646, 'Available', '2025-05-27', '11:00:00', '12:00:00', 2000, 8, 2, NULL, NULL),
(647, 'Available', '2025-05-27', '12:00:00', '13:00:00', 2000, 8, 3, NULL, NULL),
(648, 'Available', '2025-05-27', '13:00:00', '14:00:00', 2000, 8, 4, NULL, NULL),
(649, 'Available', '2025-05-27', '14:00:00', '15:00:00', 2000, 8, 5, NULL, NULL),
(650, 'Available', '2025-05-27', '15:00:00', '16:00:00', 2000, 8, 6, NULL, NULL),
(651, 'Available', '2025-05-27', '16:00:00', '17:00:00', 2000, 8, 7, NULL, NULL),
(652, 'Available', '2025-05-27', '17:00:00', '18:00:00', 2000, 8, 8, NULL, NULL),
(653, 'Available', '2025-05-28', '10:00:00', '11:00:00', 2000, 8, 1, NULL, NULL),
(654, 'Available', '2025-05-28', '11:00:00', '12:00:00', 2000, 8, 2, NULL, NULL),
(655, 'Available', '2025-05-28', '12:00:00', '13:00:00', 2000, 8, 3, NULL, NULL),
(656, 'Available', '2025-05-28', '13:00:00', '14:00:00', 2000, 8, 4, NULL, NULL),
(657, 'Available', '2025-05-28', '14:00:00', '15:00:00', 2000, 8, 5, NULL, NULL),
(658, 'Available', '2025-05-28', '15:00:00', '16:00:00', 2000, 8, 6, NULL, NULL),
(659, 'Available', '2025-05-28', '16:00:00', '17:00:00', 2000, 8, 7, NULL, NULL),
(660, 'Available', '2025-05-28', '17:00:00', '18:00:00', 2000, 8, 8, NULL, NULL),
(661, 'Available', '2025-05-29', '10:30:00', '11:00:00', 1800, 7, 2, NULL, NULL),
(662, 'Available', '2025-05-22', '11:30:00', '12:00:00', 1800, 2, 6, NULL, NULL);

-- --------------------------------------------------------

--
-- Table structure for table `Blog`
--

CREATE TABLE `Blog` (
  `blogID` int(11) NOT NULL,
  `blogTitle` varchar(100) NOT NULL,
  `blogPublishedDate` date NOT NULL,
  `blogDescription` longtext NOT NULL
) ENGINE=InnoDB DEFAULT CHARSET=utf8mb4 COLLATE=utf8mb4_general_ci;

--
-- Dumping data for table `Blog`
--

INSERT INTO `Blog` (`blogID`, `blogTitle`, `blogPublishedDate`, `blogDescription`) VALUES
(9, 'The Importance of Gut Health in Overall Wellness', '2025-05-21', 'Gut health plays a crucial role in maintaining overall wellness, yet its often overlooked. The gut microbiomea community of trillions of bacteria and microbeshelps regulate digestion, immune function, mood, and even brain health. An imbalance in gut bacteria, known as dysbiosis, can lead to conditions like bloating, fatigue, inflammation, and even chronic diseases such as diabetes and depression. Consuming a diet rich in fiber, fermented foods, and probiotics can support a healthy gut. As research evolves, its clear that caring for your digestive system is not just about avoiding stomach issues but is essential for long-term physical and mental health.'),
(11, ' The Rising Threat of Antibiotic Resistance', '2025-05-21', 'Antibiotic resistance is becoming one of the greatest threats to global health, making once easily treatable infections harder to cure. Overuse and misuse of antibiotics in both healthcare and agriculture have led to the emergence of \"superbugs\"bacteria that no longer respond to standard treatments. This growing resistance can result in longer hospital stays, higher medical costs, and increased mortality. Simple infections, surgeries, and even minor injuries could become life-threatening if antibiotics lose effectiveness. Addressing this crisis requires responsible prescribing, public awareness, and global cooperation to develop new antibiotics and alternative therapies before we lose one of modern medicines most critical tools.'),
(13, 'The Power of Quality Sleep for Better Health', '2025-05-22', 'Sleep is a foundational pillar of health, yet many people underestimate its importance. Quality sleep supports brain function, emotional well-being, immune strength, and cellular repair. Chronic sleep deprivation can increase the risk of heart disease, obesity, diabetes, and weakened immunity. Simple habits like maintaining a regular sleep schedule, limiting screen time before bed, and creating a dark, quiet environment can significantly improve sleep quality. Prioritizing rest isnt a luxuryits a necessity for a healthier, more balanced life.');

-- --------------------------------------------------------

--
-- Table structure for table `Doctor`
--

CREATE TABLE `Doctor` (
  `doctorID` int(11) NOT NULL,
  `doctorFirstName` varchar(100) NOT NULL,
  `doctorLastName` varchar(50) NOT NULL,
  `dateOfBirth` date NOT NULL,
  `doctorGender` varchar(10) NOT NULL,
  `doctorPhoneNumber` varchar(15) NOT NULL,
  `doctorEmail` varchar(50) NOT NULL,
  `doctorCity` varchar(30) NOT NULL,
  `doctorDistrict` varchar(30) NOT NULL,
  `doctorMunicipality` varchar(30) NOT NULL,
  `doctorWard` int(5) NOT NULL,
  `doctorQualification` varchar(50) NOT NULL,
  `doctorExperience` int(5) NOT NULL,
  `doctorSpecialization` varchar(50) NOT NULL,
  `imagePath` varchar(255) DEFAULT NULL
) ENGINE=InnoDB DEFAULT CHARSET=utf8mb4 COLLATE=utf8mb4_general_ci;

--
-- Dumping data for table `Doctor`
--

INSERT INTO `Doctor` (`doctorID`, `doctorFirstName`, `doctorLastName`, `dateOfBirth`, `doctorGender`, `doctorPhoneNumber`, `doctorEmail`, `doctorCity`, `doctorDistrict`, `doctorMunicipality`, `doctorWard`, `doctorQualification`, `doctorExperience`, `doctorSpecialization`, `imagePath`) VALUES
(1, 'Ramesh Prasad', 'Kandel', '1980-05-22', 'Male', '9812345678', 'rkandel@gmail.com', 'Kathmandu', 'Kathmandu', 'Kathmandu', 4, 'MBBS, MD', 11, 'Cardiology', 'doc.jpg'),
(2, 'Binita', 'Shrestha', '1985-11-11', 'female', '9845321234', 'bshrestha@gmail.com', 'Lalitpur', 'Lalitpur', 'Lalitpur', 2, 'MBBS, MD', 8, 'Dermatology', 'sofia.jpg'),
(3, 'Suresh', 'Basnet', '1978-03-05', 'male', '9807654321', 'sbasnet@gmail.com', 'Pokhara', 'Kaski', 'Pokhara', 5, 'MBBS, MS', 12, 'Orthopedics', 'Jason.jpg'),
(4, 'Apsara', 'Lama', '1990-01-12', 'female', '9841221122', 'alama@gmail.com', 'Bhaktapur', 'Bhaktapur', 'Bhaktapur', 6, 'MBBS', 5, 'ENT', 'apsara.jpg'),
(5, 'Niraj', 'Pandey', '1987-07-21', 'male', '9811122233', 'npandey@gmail.com', 'Biratnagar', 'Morang', 'Biratnagar', 3, 'MBBS, MD', 9, 'Neurology', 'girish.jpg'),
(6, 'Sangita', 'Maharjan', '1982-10-18', 'female', '9808776655', 'smaharjan@gmail.com', 'Lalitpur', 'Lalitpur', 'Lalitpur', 1, 'MBBS, MS', 11, 'Gynecology', 'sangita.jpg'),
(7, 'Dipesh', 'Thapa', '1991-04-22', 'male', '9823345567', 'dthapa@gmail.com', 'Dharan', 'Sunsari', 'Dharan', 5, 'MBBS', 4, 'Pediatrics', 'jeshan.jpg'),
(8, 'Rekha', 'Joshi', '1983-02-02', 'female', '9819988776', 'rjoshi@gmail.com', 'Butwal', 'Rupandehi', 'Butwal', 7, 'MBBS, MD', 7, 'Psychiatry', 'rekha.png');

-- --------------------------------------------------------

--
-- Table structure for table `Payment`
--

CREATE TABLE `Payment` (
  `paymentID` int(11) NOT NULL,
  `paymentAmount` int(20) NOT NULL,
  `paymentStatus` varchar(30) NOT NULL
) ENGINE=InnoDB DEFAULT CHARSET=utf8mb4 COLLATE=utf8mb4_general_ci;

--
-- Dumping data for table `Payment`
--

INSERT INTO `Payment` (`paymentID`, `paymentAmount`, `paymentStatus`) VALUES
(1, 1500, 'Completed'),
(2, 2000, 'Pending'),
(3, 2500, 'Completed'),
(4, 1800, 'Completed'),
(5, 2200, 'Pending'),
(6, 1600, 'Completed'),
(7, 3000, 'Completed'),
(8, 2100, 'Pending'),
(9, 2000, 'Completed'),
(10, 2000, 'Completed'),
(11, 2000, 'Completed'),
(12, 2000, 'Completed'),
(13, 2000, 'Completed'),
(14, 2000, 'Completed'),
(15, 2000, 'Completed'),
(16, 1500, 'Completed');

-- --------------------------------------------------------

--
-- Table structure for table `Room`
--

CREATE TABLE `Room` (
  `roomID` int(11) NOT NULL,
  `roomName` varchar(150) NOT NULL,
  `roomType` varchar(150) NOT NULL
) ENGINE=InnoDB DEFAULT CHARSET=utf8mb4 COLLATE=utf8mb4_general_ci;

--
-- Dumping data for table `Room`
--

INSERT INTO `Room` (`roomID`, `roomName`, `roomType`) VALUES
(1, 'Room A1', 'Consultation'),
(2, 'Room B2', 'Treatment'),
(3, 'Room C3', 'Surgery'),
(4, 'Room D4', 'Emergency'),
(5, 'Room E5', 'Observation'),
(6, 'Room F6', 'Physiotherapy'),
(7, 'Room G7', 'Dermatology'),
(8, 'Room H8', 'Psychiatry'),
(9, 'Room J1', 'Operation Theatre'),
(10, 'Room CR7', 'ICU');

-- --------------------------------------------------------

--
-- Table structure for table `Treatment`
--

CREATE TABLE `Treatment` (
  `treatmentID` int(11) NOT NULL,
  `treatmentName` varchar(100) NOT NULL,
  `treatmentPlan` varchar(255) NOT NULL,
  `remark` varchar(255) NOT NULL
) ENGINE=InnoDB DEFAULT CHARSET=utf8mb4 COLLATE=utf8mb4_general_ci;

--
-- Dumping data for table `Treatment`
--

INSERT INTO `Treatment` (`treatmentID`, `treatmentName`, `treatmentPlan`, `remark`) VALUES
(1, 'Cardio Checkup', 'ECG, BP, Consultation', 'Follow-up in 1 month'),
(2, 'Skin Allergy Test', 'Patch test, medication', 'Use cream for 7 days'),
(3, 'Knee Therapy', 'X-Ray, Therapy', 'Exercise regularly'),
(4, 'ENT Cleaning', 'Ear and nasal cleaning', 'No water exposure'),
(5, 'Brain MRI', 'Scan, Consultation', 'Needs further analysis'),
(6, 'Pregnancy Test', 'Blood Test, USG', 'Monitor every month'),
(7, 'Child Fever', 'Basic checkup, meds', 'Return if fever continues'),
(8, 'Mental Health Counseling', 'Therapy Sessions', 'Next session in 2 weeks'),
(9, 'Ear Cleaning', 'Cleaned the Wax from the ear.', 'Use ear bud regularly after bathing.'),
(10, 'Amoxicillin Suspension 250 mg/5 mL', '5 mL orally, 3 daily for 7 days', 'Tolerated well; no adverse effects. Follow-up in 1 week.'),
(11, 'Salbutamol Inhaler (100 mcg)', '2 puffs via spacer every 46 hours as needed for wheezing', 'Immediate relief observed. Educated caregiver on proper inhaler use.'),
(12, 'Propranolol 10 mg', '10 mg orally twice daily for supraventricular tachycardia (SVT)', 'Heart rate stabilized. Monitor BP and pulse regularly. Follow-up in 2 weeks.'),
(13, 'Topical Retinoid Therapy', 'Apply retinoid cream (e.g., tretinoin) once daily at night for 812 weeks. Begin with a low concentration to reduce irritation. Use moisturizer and sunscreen daily to minimize dryness and sun sensitivity. Reassess skin response after 4 weeks.', 'Effective for acne, hyperpigmentation, and fine lines. Mild peeling or redness may occur initially but improves with continued use.');

-- --------------------------------------------------------

--
-- Table structure for table `User`
--

CREATE TABLE `User` (
  `userID` int(11) NOT NULL,
  `firstName` varchar(100) NOT NULL,
  `lastName` varchar(50) NOT NULL,
  `dateOfBirth` date NOT NULL,
  `gender` varchar(10) NOT NULL,
  `phoneNumber` varchar(10) NOT NULL,
  `email` varchar(50) NOT NULL,
  `city` varchar(30) NOT NULL,
  `district` varchar(30) NOT NULL,
  `municipality` varchar(30) NOT NULL,
  `wardNo` int(5) NOT NULL,
  `username` varchar(50) NOT NULL,
  `password` varchar(255) NOT NULL,
  `userRole` varchar(15) NOT NULL,
  `imagePath` varchar(255) NOT NULL
) ENGINE=InnoDB DEFAULT CHARSET=utf8mb4 COLLATE=utf8mb4_general_ci;

--
-- Dumping data for table `User`
--

INSERT INTO `User` (`userID`, `firstName`, `lastName`, `dateOfBirth`, `gender`, `phoneNumber`, `email`, `city`, `district`, `municipality`, `wardNo`, `username`, `password`, `userRole`, `imagePath`) VALUES
(1, 'Ram ', 'Thapa', '2025-04-01', 'male', '9876543210', 'ram@gmail.com', 'ktm', 'ktm', 'ktm', 10, 'ram01', '9Em+zaxZ8vqXHooHQicfkZ3P2jA8+plFg2eUpxrqMIT2Q32b2MkemYXM/NhdcXU0x14tS0A=', 'Patient', 'ER.png'),
(2, 'Sita', 'Sharma', '1998-08-06', 'female', '9876767676', 'sita02@gmail.com', 'Kathmandu', 'Kathmandu', 'Kathmandu', 6, 'sita02', 'CByOy/HxU/pkx8hRVk3RPEbR83LWBC/y13WcwMsL1oi3Vc5lXZcjhgfmGzpx4wBjomEhNAur', 'Patient', 'pp1.jpg'),
(4, 'Pradeep', 'Baral', '2005-01-01', 'male', '9865741236', 'pradeep04@gmail.com', 'Pathivara', 'Taplejung', 'Taplejung', 15, 'pradeep04', 'FqB+lsUxd2ombvApm46OMG8fa6sMNbHBm5jPzGMRxahnmF8/A904FLS15QFTFzch+vPb/wexT8ZQ', 'Patient', 'pp3.png'),
(6, 'Hari', 'Prasad', '2000-04-15', 'male', '9825175079', 'hari06@gmail.com', 'Ghorahi', 'Dang', 'Ghorahi', 15, 'hari06', 'b4L/7BLBDrh+dGKIzgjyppN/C9mkPddsdw13EGj+IVOtrw4gYRRsZAMxYklgrav66JsAN3dU', 'Patient', 'pp2.png'),
(7, 'Khushina', 'Khadka', '1990-06-18', 'female', '9800561734', 'khushina07@gmail.com', 'Lalitpur', 'Lalitpur', 'Lalitpur', 21, 'khushina01', 'lC3RzMJbgXgO9Zvrxw36FEUkSBZ9xQPkHqF/Yo25i64DJ6B4a5cFVCnYB++c6P9Rl5grMAiJpmVF9g==', 'Patient', 'pp1.jpg'),
(8, 'Jeshan', 'Gurung', '2006-09-01', 'male', '9850431867', 'jeshan08@gmail.com', 'Lamjung', 'Lamjung', 'Lamjung', 7, 'jehsan08', 'lcuFCHuo2l4j0ikGbIpkXaQ/C1gPwO2lDnK3F/1PltD2Pbw1T4aLhkYuQpmqaW/WvXBbjqrxMdo=', 'Patient', 'pp2.png'),
(10, 'harry prasad', 'potter', '2000-07-01', 'Male', '9843267806', 'harry10@gmail.com', 'Hogwarts', 'London', 'London', 10, 'harry10', 'psFc8Qj+XfNbRk9urv+JkoWt6yoLRLHg54mZUM2aMShbpdtf0ZJPzaA1SlqEIbnyesB1huw/Jg==', 'Patient', 'pp2.png'),
(12, 'Yolo ', 'Hospital', '2000-10-10', 'male', '9861527408', 'admin@gmail.com', 'Kathmandu', 'Kathmandu', 'Kathmandu', 10, 'admin', 'TMBlCrxo2M3JNC7hQX8vQSBxUXzH414F64NTbGufCJoDkwjcLH1I0X9S2lgd/Pmnqd8cEHKC2A==', 'Admin', 'admin.png');

-- --------------------------------------------------------

--
-- Table structure for table `UserAppointment`
--

CREATE TABLE `UserAppointment` (
  `userID` int(11) NOT NULL,
  `appointmentID` int(11) NOT NULL
) ENGINE=InnoDB DEFAULT CHARSET=utf8mb4 COLLATE=utf8mb4_general_ci;

--
-- Dumping data for table `UserAppointment`
--

INSERT INTO `UserAppointment` (`userID`, `appointmentID`) VALUES
(1, 1),
(1, 3),
(2, 2),
(4, 4),
(6, 6),
(7, 7),
(8, 8),
(10, 9),
(10, 10),
(10, 14),
(10, 89),
(10, 159),
(10, 162),
(10, 163),
(10, 173),
(10, 231),
(10, 234),
(10, 380),
(10, 447);

-- --------------------------------------------------------

--
-- Table structure for table `UserBlog`
--

CREATE TABLE `UserBlog` (
  `userID` int(11) NOT NULL,
  `blogID` int(11) NOT NULL
) ENGINE=InnoDB DEFAULT CHARSET=utf8mb4 COLLATE=utf8mb4_general_ci;

--
-- Dumping data for table `UserBlog`
--

INSERT INTO `UserBlog` (`userID`, `blogID`) VALUES
(12, 9),
(12, 11),
(12, 13);

--
-- Indexes for dumped tables
--

--
-- Indexes for table `Appointment`
--
ALTER TABLE `Appointment`
  ADD PRIMARY KEY (`appointmentID`),
  ADD KEY `doctor_appointment_fk` (`doctorID`),
  ADD KEY `room_appointment_fk` (`roomID`),
  ADD KEY `treatment_appointment_fk` (`treatmentID`),
  ADD KEY `payment_appointment_fk` (`paymentID`);

--
-- Indexes for table `Blog`
--
ALTER TABLE `Blog`
  ADD PRIMARY KEY (`blogID`);

--
-- Indexes for table `Doctor`
--
ALTER TABLE `Doctor`
  ADD PRIMARY KEY (`doctorID`),
  ADD UNIQUE KEY `doctorPhoneNumber` (`doctorPhoneNumber`),
  ADD UNIQUE KEY `doctorEmail` (`doctorEmail`);

--
-- Indexes for table `Payment`
--
ALTER TABLE `Payment`
  ADD PRIMARY KEY (`paymentID`);

--
-- Indexes for table `Room`
--
ALTER TABLE `Room`
  ADD PRIMARY KEY (`roomID`);

--
-- Indexes for table `Treatment`
--
ALTER TABLE `Treatment`
  ADD PRIMARY KEY (`treatmentID`);

--
-- Indexes for table `User`
--
ALTER TABLE `User`
  ADD PRIMARY KEY (`userID`),
  ADD UNIQUE KEY `phoneNumber` (`phoneNumber`),
  ADD UNIQUE KEY `email` (`email`),
  ADD UNIQUE KEY `username` (`username`);

--
-- Indexes for table `UserAppointment`
--
ALTER TABLE `UserAppointment`
  ADD PRIMARY KEY (`userID`,`appointmentID`),
  ADD KEY `appointment_UserAppointment_fk` (`appointmentID`);

--
-- Indexes for table `UserBlog`
--
ALTER TABLE `UserBlog`
  ADD PRIMARY KEY (`userID`,`blogID`),
  ADD KEY `blog_UserBlog_fk` (`blogID`);

--
-- AUTO_INCREMENT for dumped tables
--

--
-- AUTO_INCREMENT for table `Appointment`
--
ALTER TABLE `Appointment`
  MODIFY `appointmentID` int(11) NOT NULL AUTO_INCREMENT, AUTO_INCREMENT=663;

--
-- AUTO_INCREMENT for table `Blog`
--
ALTER TABLE `Blog`
  MODIFY `blogID` int(11) NOT NULL AUTO_INCREMENT, AUTO_INCREMENT=14;

--
-- AUTO_INCREMENT for table `Doctor`
--
ALTER TABLE `Doctor`
  MODIFY `doctorID` int(11) NOT NULL AUTO_INCREMENT, AUTO_INCREMENT=11;

--
-- AUTO_INCREMENT for table `Payment`
--
ALTER TABLE `Payment`
  MODIFY `paymentID` int(11) NOT NULL AUTO_INCREMENT, AUTO_INCREMENT=17;

--
-- AUTO_INCREMENT for table `Room`
--
ALTER TABLE `Room`
  MODIFY `roomID` int(11) NOT NULL AUTO_INCREMENT, AUTO_INCREMENT=11;

--
-- AUTO_INCREMENT for table `Treatment`
--
ALTER TABLE `Treatment`
  MODIFY `treatmentID` int(11) NOT NULL AUTO_INCREMENT, AUTO_INCREMENT=14;

--
-- AUTO_INCREMENT for table `User`
--
ALTER TABLE `User`
  MODIFY `userID` int(11) NOT NULL AUTO_INCREMENT, AUTO_INCREMENT=25;

--
-- Constraints for dumped tables
--

--
-- Constraints for table `Appointment`
--
ALTER TABLE `Appointment`
  ADD CONSTRAINT `doctor_appointment_fk` FOREIGN KEY (`doctorID`) REFERENCES `Doctor` (`doctorID`),
  ADD CONSTRAINT `payment_appointment_fk` FOREIGN KEY (`paymentID`) REFERENCES `Payment` (`paymentID`),
  ADD CONSTRAINT `room_appointment_fk` FOREIGN KEY (`roomID`) REFERENCES `Room` (`roomID`),
  ADD CONSTRAINT `treatment_appointment_fk` FOREIGN KEY (`treatmentID`) REFERENCES `Treatment` (`treatmentID`);

--
-- Constraints for table `UserAppointment`
--
ALTER TABLE `UserAppointment`
  ADD CONSTRAINT `appointment_UserAppointment_fk` FOREIGN KEY (`appointmentID`) REFERENCES `Appointment` (`appointmentID`),
  ADD CONSTRAINT `user_UserApppointment_fk` FOREIGN KEY (`userID`) REFERENCES `User` (`userID`);

--
-- Constraints for table `UserBlog`
--
ALTER TABLE `UserBlog`
  ADD CONSTRAINT `blog_UserBlog_fk` FOREIGN KEY (`blogID`) REFERENCES `Blog` (`blogID`),
  ADD CONSTRAINT `user_UserBlog_fk` FOREIGN KEY (`userID`) REFERENCES `User` (`userID`);
COMMIT;

/*!40101 SET CHARACTER_SET_CLIENT=@OLD_CHARACTER_SET_CLIENT */;
/*!40101 SET CHARACTER_SET_RESULTS=@OLD_CHARACTER_SET_RESULTS */;
/*!40101 SET COLLATION_CONNECTION=@OLD_COLLATION_CONNECTION */;
